Reference PDB,ESMF PDB,scTM Value,RMSD Value
1xcc.pdb,1xcc.pdb,0.9733166016983532,0.75677615
2jua.pdb,2jua.pdb,0.8050516788398056,2.383319
4kpn.pdb,4kpn.pdb,0.9769952172313899,0.7183999
4agh.pdb,4agh.pdb,0.9095314600635753,0.90282977
2es7.pdb,2es7.pdb,0.5727696377283157,11.979181
4lmi.pdb,4lmi.pdb,0.8102342848243337,6.223874
2kxg.pdb,2kxg.pdb,0.6774152119836971,3.556391
5ko4.pdb,5ko4.pdb,0.95500604186254,0.73989224
1n8j.pdb,1n8j.pdb,0.9802036622523125,0.60719734
3g80.pdb,3g80.pdb,0.9512429103281317,0.6158646
1ni8.pdb,1ni8.pdb,0.6372216169535115,3.5364878
4i4k.pdb,4i4k.pdb,0.910249032294594,2.3198678
1k7k.pdb,1k7k.pdb,0.9229630920526106,1.3982158
2kuc.pdb,2kuc.pdb,0.7916086179436284,2.3813014
3lwa.pdb,3lwa.pdb,0.8558456854742947,2.866183
3oul.pdb,3oul.pdb,0.9807217467653487,0.6478721
1dzu.pdb,1dzu.pdb,0.9785932335602152,0.6575508
3dm8.pdb,3dm8.pdb,0.9252811360668342,1.1363755
2m7o.pdb,2m7o.pdb,0.5724677957434147,4.6436286
2php.pdb,2php.pdb,0.9897135380468064,0.40276185
1c3k.pdb,1c3k.pdb,0.9650857104643794,0.6858854
2ch7.pdb,2ch7.pdb,0.6047247047138061,5.9011
3ksp.pdb,3ksp.pdb,0.9310219416444288,1.1896713
3lw6.pdb,3lw6.pdb,0.9468497666951269,1.1404186
1b77.pdb,1b77.pdb,0.9270709544685426,1.5655582
3ktz.pdb,3ktz.pdb,0.9310337631873877,1.6961995
1g2r.pdb,1g2r.pdb,0.9461229154673407,0.7904769
2v1l.pdb,2v1l.pdb,0.9206471691276169,1.3830733
2lfr.pdb,2lfr.pdb,0.6997750529284916,4.26611
2lqv.pdb,2lqv.pdb,0.42852827708082947,11.029297
3b8l.pdb,3b8l.pdb,0.9757887531596602,0.6417965
2lrt.pdb,2lrt.pdb,0.7539917788032277,5.2268076
2pa4.pdb,2pa4.pdb,0.9602671725690631,1.1120493
2l4v.pdb,2l4v.pdb,0.5136149061682851,13.671001
2x65.pdb,2x65.pdb,0.9361614567733881,1.7082238
2cu2.pdb,2cu2.pdb,0.9006196175615762,2.0973012
2l2f.pdb,2l2f.pdb,0.8419204001419884,1.6686523
4lab.pdb,4lab.pdb,0.952886223711839,0.9657825
3n8b.pdb,3n8b.pdb,0.885239057882414,1.1314553
2lwy.pdb,2lwy.pdb,0.9668672216409128,0.73138523
4o1s.pdb,4o1s.pdb,0.9638386553536635,0.7778205
4y4q.pdb,4y4q.pdb,0.930999944870575,1.1876428
1ttz.pdb,1ttz.pdb,0.9686271182254289,0.47225052
3dc4.pdb,3dc4.pdb,0.9510355600062197,1.0851132
2mbt.pdb,2mbt.pdb,0.8792471000079402,1.7952982
4z7x.pdb,4z7x.pdb,0.9429528719318435,1.4218811
3lgc.pdb,3lgc.pdb,0.7996042951325826,2.3235433
1mhm.pdb,1mhm.pdb,0.5147575528381698,4.3945513
2ope.pdb,2ope.pdb,0.5895732804862167,5.689218
1fzr.pdb,1fzr.pdb,0.7877773283368564,3.2153945
2yzh.pdb,2yzh.pdb,0.9476030865049082,1.2032608
2rji.pdb,2rji.pdb,0.8907363491171572,1.1048052
3gkm.pdb,3gkm.pdb,0.9814949663707733,0.5295481
2lv3.pdb,2lv3.pdb,0.8130335740525543,1.870353
3gnj.pdb,3gnj.pdb,0.9782820385135699,0.45790714
1at0.pdb,1at0.pdb,0.9845827572960386,0.44391447
3pcr.pdb,3pcr.pdb,0.4053778347626654,15.826046
1uyj.pdb,1uyj.pdb,0.7327158589112134,4.2607727
1cyu.pdb,1cyu.pdb,0.3836318986139901,10.483999
4kz1.pdb,4kz1.pdb,0.9733717323568002,0.55819637
1qw2.pdb,1qw2.pdb,0.35961016652661254,8.949262
1m2a.pdb,1m2a.pdb,0.9726613971776426,0.5195634
4jd0.pdb,4jd0.pdb,0.9763591843248355,0.69142437
3q2e.pdb,3q2e.pdb,0.9813200105285047,0.46415526
2yqd.pdb,2yqd.pdb,0.8004751215167024,5.615506
4evw.pdb,4evw.pdb,0.9613401213091364,0.92044604
4gym.pdb,4gym.pdb,0.9156223205455701,1.4639608
3a76.pdb,3a76.pdb,0.9723297402566924,0.61457783
2yua.pdb,2yua.pdb,0.3736613401938436,12.555023
2icg.pdb,2icg.pdb,0.9483839829349399,0.88639235
3soy.pdb,3soy.pdb,0.9182943588602134,2.70051
3ijm.pdb,3ijm.pdb,0.8550720000689129,1.9472482
2ctq.pdb,2ctq.pdb,0.6268310150093568,12.038111
3emx.pdb,3emx.pdb,0.9703338842118815,0.6596774
3zf8.pdb,3zf8.pdb,0.8152270274383222,5.2696285
1dml.pdb,1dml.pdb,0.7347654182716361,4.5877223
3gv1.pdb,3gv1.pdb,0.969282581251631,0.66035056
2znm.pdb,2znm.pdb,0.8933300207292973,1.7040191
2ehz.pdb,2ehz.pdb,0.9302593723074767,1.7034237
5j7d.pdb,5j7d.pdb,0.9408991993729935,0.83018845
1fuw.pdb,1fuw.pdb,0.4969834326461374,8.127924
1wp0.pdb,1wp0.pdb,0.9602785307622277,0.811726
3bb9.pdb,3bb9.pdb,0.9509055585628623,0.8503493
3oa4.pdb,3oa4.pdb,0.9661018419351147,0.72341144
3d5p.pdb,3d5p.pdb,0.9366777223674485,1.582122
2ahy.pdb,2ahy.pdb,0.7701026281886494,6.8812184
1ezj.pdb,1ezj.pdb,0.5436501220583562,7.2771406
2ia7.pdb,2ia7.pdb,0.9014641946179413,1.2849523
3nxb.pdb,3nxb.pdb,0.9705907046185487,0.5550145
1bf0.pdb,1bf0.pdb,0.8034607427616965,1.2876878
2ayt.pdb,2ayt.pdb,0.9869276327717167,0.5664937
4mym.pdb,4mym.pdb,0.8075257403507775,2.5513823
3ct8.pdb,3ct8.pdb,0.9216186493126092,1.136261
1cq3.pdb,1cq3.pdb,0.5500433201055546,8.014319
5cq8.pdb,5cq8.pdb,0.9110797725798748,1.548869
1x0j.pdb,1x0j.pdb,0.9557242292909134,0.7378118
2gux.pdb,2gux.pdb,0.8344428629628916,6.1159883
3gl5.pdb,3gl5.pdb,0.89427596490285,7.3260937
1u14.pdb,1u14.pdb,0.9799150441413879,0.5341429
1wa8.pdb,1wa8.pdb,0.5104568128795444,12.655455
1y6x.pdb,1y6x.pdb,0.9424547060383582,0.75595087
1mkn.pdb,1mkn.pdb,0.27330869374184136,7.9927726
1v57.pdb,1v57.pdb,0.8169929554376508,2.9109623
1gyz.pdb,1gyz.pdb,0.6513174326500171,2.4073703
1b65.pdb,1b65.pdb,0.9680811205696706,0.94867563
2hep.pdb,2hep.pdb,0.6078866481658909,2.3349063
2prv.pdb,2prv.pdb,0.9241602072666717,1.5563142
1ss4.pdb,1ss4.pdb,0.9309104513283699,1.0978434
1lom.pdb,1lom.pdb,0.46123521948545915,15.495821
1y4m.pdb,1y4m.pdb,0.5879255918411531,11.220788
3p8a.pdb,3p8a.pdb,0.9435303436152024,1.1896782
3h3h.pdb,3h3h.pdb,0.9520156768671119,0.8158013
3d9r.pdb,3d9r.pdb,0.9488548397782365,1.2874554
4n04.pdb,4n04.pdb,0.947367817666309,0.8636093
2h8l.pdb,2h8l.pdb,0.9563979388325556,1.1268433
2p14.pdb,2p14.pdb,0.9555055955951539,0.92332745
1tly.pdb,1tly.pdb,0.8697818801472615,2.7544684
1thx.pdb,1thx.pdb,0.9674039825893965,0.6400341
2npb.pdb,2npb.pdb,0.6834092935526126,2.9432833
2rbb.pdb,2rbb.pdb,0.8883557716843037,1.5863558
4cgx.pdb,4cgx.pdb,0.3146407506930118,15.210986
2i7r.pdb,2i7r.pdb,0.9142236070753752,1.1885751
2ch9.pdb,2ch9.pdb,0.8924900118722471,2.3672698
1jyk.pdb,1jyk.pdb,0.9802294512907109,0.64881986
1b78.pdb,1b78.pdb,0.9788806243806477,0.6407197
1xq8.pdb,1xq8.pdb,0.32182777675088853,15.427316
2kx2.pdb,2kx2.pdb,0.7438648427153867,2.3463924
2h9d.pdb,2h9d.pdb,0.4455968713157721,16.602076
1xou.pdb,1xou.pdb,0.6958089984674822,2.7868207
5j9b.pdb,5j9b.pdb,0.9580023274615077,0.78690284
1x99.pdb,1x99.pdb,0.9279430561578973,1.0585053
4bf3.pdb,4bf3.pdb,0.8177788822909583,2.5148058
3cni.pdb,3cni.pdb,0.9480324908205104,0.9049816
2jzj.pdb,2jzj.pdb,0.8306470782914454,3.7766185
1x4w.pdb,1x4w.pdb,0.6459775293681543,7.24323
2pqf.pdb,2pqf.pdb,0.9578759003125336,0.8141636
2x5y.pdb,2x5y.pdb,0.9619393686190202,0.7731625
2ml5.pdb,2ml5.pdb,0.44161598214557013,11.859909
1w4v.pdb,1w4v.pdb,0.9474000592285965,0.80193156
4ew5.pdb,4ew5.pdb,0.8236667616746166,4.9766483
2gts.pdb,2gts.pdb,0.7452625643787805,3.234597
1i9d.pdb,1i9d.pdb,0.9417264929017788,0.9292561
3f7s.pdb,3f7s.pdb,0.9132909968772627,1.2908146
2qnt.pdb,2qnt.pdb,0.9023749350065409,2.110828
2mzb.pdb,2mzb.pdb,0.8605424874657429,2.174752
3hdc.pdb,3hdc.pdb,0.9379211016362827,1.4095874
2r6u.pdb,2r6u.pdb,0.8795522183497062,1.6753484
3cgx.pdb,3cgx.pdb,0.9382956505131743,1.2312273
4g6x.pdb,4g6x.pdb,0.9759287703346397,0.5584129
2lns.pdb,2lns.pdb,0.6534912794216323,6.3446517
4mo0.pdb,4mo0.pdb,0.9603798634441025,0.50427955
1nm3.pdb,1nm3.pdb,0.7279794458581744,4.519336
2l6c.pdb,2l6c.pdb,0.8151211979278083,1.8258954
1pv0.pdb,1pv0.pdb,0.7349363269223249,4.7889056
2nr5.pdb,2nr5.pdb,0.6951871430699128,2.1347287
2gu3.pdb,2gu3.pdb,0.9679754008096646,0.66399926
1faf.pdb,1faf.pdb,0.7972107031510198,2.3520305
1i2t.pdb,1i2t.pdb,0.9419611514687298,0.60267377
2vq9.pdb,2vq9.pdb,0.9172623950284905,1.2472669
2fk5.pdb,2fk5.pdb,0.9537484990657251,1.3371698
2wgo.pdb,2wgo.pdb,0.6240863166820502,5.0815473
3f9s.pdb,3f9s.pdb,0.8807813721649761,1.8587501
5evh.pdb,5evh.pdb,0.9412746747325577,0.93458706
3m4r.pdb,3m4r.pdb,0.9559861752163954,1.0567168
1n02.pdb,1n02.pdb,0.9035627458998636,1.2825818
3fgy.pdb,3fgy.pdb,0.9437529620889871,0.97446877
3apa.pdb,3apa.pdb,0.9777019961236697,0.5068485
1a1x.pdb,1a1x.pdb,0.38744811417843195,9.059507
3kol.pdb,3kol.pdb,0.9059645644898341,1.3760262
4euy.pdb,4euy.pdb,0.8515452710352678,1.8364884
1kll.pdb,1kll.pdb,0.9425156527842069,0.9073836
1qoy.pdb,1qoy.pdb,0.9020177142146959,1.9908637
3keb.pdb,3keb.pdb,0.9603203797175659,0.835686
2f51.pdb,2f51.pdb,0.9708652871251687,0.54361475
2k18.pdb,2k18.pdb,0.7248062488399604,3.942005
1zyn.pdb,1zyn.pdb,0.96811575732969,0.78187746
1so9.pdb,1so9.pdb,0.7144830497676213,4.256203
3ous.pdb,3ous.pdb,0.9363054638868447,0.7937531
3oxh.pdb,3oxh.pdb,0.9507770782449566,1.6069304
3gm5.pdb,3gm5.pdb,0.8825866561270659,3.8354871
3ec9.pdb,3ec9.pdb,0.9734173562023064,0.5675866
2rfr.pdb,2rfr.pdb,0.9499977829040863,0.98989224
2dlx.pdb,2dlx.pdb,0.7359990841008625,7.4751344
3k2j.pdb,3k2j.pdb,0.9316094905185786,1.2323551
1z9i.pdb,1z9i.pdb,0.30871712393832007,6.921258
3f7c.pdb,3f7c.pdb,0.8152222127148633,7.7059026
4j8t.pdb,4j8t.pdb,0.9408363107790318,0.9122424
1y74.pdb,1y74.pdb,0.6997511074724315,1.9391155
3fhk.pdb,3fhk.pdb,0.9542160225070506,0.8866496
2rsx.pdb,2rsx.pdb,0.8413235953611095,2.7937157
3c0n.pdb,3c0n.pdb,0.6126714933700789,11.292281
2nn4.pdb,2nn4.pdb,0.9605644319181836,0.46636662
2lkl.pdb,2lkl.pdb,0.5636491002186996,4.3439527
1v84.pdb,1v84.pdb,0.906715791689632,1.6840956
4dw0.pdb,4dw0.pdb,0.8635128118366658,2.7953074
1wnh.pdb,1wnh.pdb,0.9764371939857454,0.667921
4hqs.pdb,4hqs.pdb,0.9589797335702432,0.79380697
1a2p.pdb,1a2p.pdb,0.9767280958400064,0.51346874
4r80.pdb,4r80.pdb,0.9468454355886233,0.5857062
3dxr.pdb,3dxr.pdb,0.7980868029787099,5.359469
3t0q.pdb,3t0q.pdb,0.948370732583258,1.3916738
3zij.pdb,3zij.pdb,0.9392447971450211,0.9015328
3ec3.pdb,3ec3.pdb,0.9454284458237018,1.2465796
1u6t.pdb,1u6t.pdb,0.9250613804299839,1.0827847
2m80.pdb,2m80.pdb,0.8383741918023261,1.6622722
1z3e.pdb,1z3e.pdb,0.9346584287307342,0.96892637
1wdj.pdb,1wdj.pdb,0.991067666388496,0.4233611
1sjw.pdb,1sjw.pdb,0.9369857543782334,1.0935804
1vmo.pdb,1vmo.pdb,0.9155152553238517,1.2833102
2o7g.pdb,2o7g.pdb,0.9769043684658107,0.41316804
2kw8.pdb,2kw8.pdb,0.9146463253238831,1.2827376
4abm.pdb,4abm.pdb,0.9367532587253922,0.75283444
2q9r.pdb,2q9r.pdb,0.968832797832498,0.7647871
2r9i.pdb,2r9i.pdb,0.8382726098738991,1.7069337
4fcz.pdb,4fcz.pdb,0.9507594404017967,1.0233208
1z7p.pdb,1z7p.pdb,0.9000179533586036,1.5843911
1f9x.pdb,1f9x.pdb,0.6232493915031488,4.126417
3cm1.pdb,3cm1.pdb,0.9439291243532205,0.8810182
2gbo.pdb,2gbo.pdb,0.5807155344542707,23.606031
2wz9.pdb,2wz9.pdb,0.8775616423464425,6.25836
3f4r.pdb,3f4r.pdb,0.9384548845237903,1.2368021
3tow.pdb,3tow.pdb,0.9403271185578022,1.0518115
3f40.pdb,3f40.pdb,0.966094671068846,0.66621596
2auv.pdb,2auv.pdb,0.4218166602216019,6.3106275
1dzf.pdb,1dzf.pdb,0.9348644341175624,1.3429093
3oaj.pdb,3oaj.pdb,0.985126112889078,0.6624898
3eck.pdb,3eck.pdb,0.9252564738292508,3.0982337
1pvt.pdb,1pvt.pdb,0.9747568263140785,0.782225
2q22.pdb,2q22.pdb,0.9513594150154893,0.8813446
1ar0.pdb,1ar0.pdb,0.9736966505202972,0.5378738
1waz.pdb,1waz.pdb,0.57177288617935,4.567646
1u69.pdb,1u69.pdb,0.9691350779903712,0.7424417
3can.pdb,3can.pdb,0.9658743867996457,0.68711984
3on9.pdb,3on9.pdb,0.38323179844550154,12.520809
4u13.pdb,4u13.pdb,0.9882199476397061,0.36134622
4oeb.pdb,4oeb.pdb,0.9824838561484834,0.4517681
1h75.pdb,1h75.pdb,0.9580765033497677,0.62527376
1obs.pdb,1obs.pdb,0.9716536573083887,0.82533723
2krt.pdb,2krt.pdb,0.5129798993646298,5.823989
3ef8.pdb,3ef8.pdb,0.8688496667267255,3.926691
1ka2.pdb,1ka2.pdb,0.9833238222965672,0.8647639
2gxf.pdb,2gxf.pdb,0.8682325156158506,1.692178
2vsg.pdb,2vsg.pdb,0.9184412762750996,1.8715411
3bcv.pdb,3bcv.pdb,0.8613323953863774,2.7900484
1zde.pdb,1zde.pdb,0.9104857117175731,1.9760754
2p7s.pdb,2p7s.pdb,0.9267083694131291,0.9762964
1idp.pdb,1idp.pdb,0.9729024706072346,0.6312788
1qto.pdb,1qto.pdb,0.9498125205278264,0.842401
4mnn.pdb,4mnn.pdb,0.9493336599081884,1.0611912
3hkv.pdb,3hkv.pdb,0.9583804798378327,0.8306928
2g5x.pdb,2g5x.pdb,0.7982710561529374,3.4554536
1z6n.pdb,1z6n.pdb,0.965845864492436,0.79294616
3ga4.pdb,3ga4.pdb,0.971141371381402,0.6465327
2nxv.pdb,2nxv.pdb,0.9002225162446325,2.7950025
2qzi.pdb,2qzi.pdb,0.9079561780883564,1.6546314
2dpw.pdb,2dpw.pdb,0.9592041236843629,0.9515508
1mgr.pdb,1mgr.pdb,0.9577945128618162,0.62074137
1vp2.pdb,1vp2.pdb,0.973860850616631,0.71525294
2kyy.pdb,2kyy.pdb,0.7872125678821599,9.254124
1tzf.pdb,1tzf.pdb,0.8951772855928327,2.287037
2c0n.pdb,2c0n.pdb,0.8048057397017405,5.279774
1gh2.pdb,1gh2.pdb,0.9756481052147645,0.49415636
1jc4.pdb,1jc4.pdb,0.921258614814701,1.223483
3b7c.pdb,3b7c.pdb,0.9670051001693813,0.6058847
1zsw.pdb,1zsw.pdb,0.9587541055088836,1.6821263
1x59.pdb,1x59.pdb,0.6207039093179723,10.508037
3ocr.pdb,3ocr.pdb,0.9595558108095548,1.0298048
3ukm.pdb,3ukm.pdb,0.8300063398158668,3.016635
3rhe.pdb,3rhe.pdb,0.922172617704527,1.0551995
4lws.pdb,4lws.pdb,0.4751090762907799,33.149326
2cw9.pdb,2cw9.pdb,0.9192462322776719,1.5275029
1jjo.pdb,1jjo.pdb,0.3904325299792728,7.00735
1qg8.pdb,1qg8.pdb,0.8382701225272289,6.7962723
4l3u.pdb,4l3u.pdb,0.8884284779852067,1.3937868
2bo4.pdb,2bo4.pdb,0.9554605419337854,1.272355
3d5n.pdb,3d5n.pdb,0.9639265677850032,0.78155935
5go5.pdb,5go5.pdb,0.9757491093145648,1.3892689
4ihu.pdb,4ihu.pdb,0.9659665443572906,0.77099943
2k9p.pdb,2k9p.pdb,0.5160681778377609,5.7982817
3ghj.pdb,3ghj.pdb,0.9357510790402211,0.9460858
4hc5.pdb,4hc5.pdb,0.9572125851406385,0.7638273
3k0z.pdb,3k0z.pdb,0.9412754491182272,1.0114549
3p2a.pdb,3p2a.pdb,0.9723666618332181,0.6507651
1wpi.pdb,1wpi.pdb,0.5621009410243933,6.2544312
1sed.pdb,1sed.pdb,0.5543023404366842,6.5459747
3er7.pdb,3er7.pdb,0.9778793804327214,0.4981902
1nw2.pdb,1nw2.pdb,0.9824999083931073,0.42612696
3tzt.pdb,3tzt.pdb,0.9499248067373278,1.0578377
2ehp.pdb,2ehp.pdb,0.39257319180300315,9.970684
1r26.pdb,1r26.pdb,0.9305214169218919,2.2331436
1ac1.pdb,1ac1.pdb,0.9807853449007423,0.6109938
2zyq.pdb,2zyq.pdb,0.9666110925371001,0.9643645
2qh0.pdb,2qh0.pdb,0.9242721149458591,1.1217469
3gzb.pdb,3gzb.pdb,0.8929619355257288,1.9472297
2m46.pdb,2m46.pdb,0.893293109944755,1.3681867
4f9z.pdb,4f9z.pdb,0.6363712844111078,6.3861012
4exr.pdb,4exr.pdb,0.969799645276295,0.6300909
4ddn.pdb,4ddn.pdb,0.9009832425053271,1.5771561
2qh9.pdb,2qh9.pdb,0.9859027292760013,0.50311595
5aig.pdb,5aig.pdb,0.9640555803379426,0.6780673
2lqt.pdb,2lqt.pdb,0.6365895132034994,3.4379659
2dbc.pdb,2dbc.pdb,0.8174528387456778,4.263564
2ro1.pdb,2ro1.pdb,0.46048048642205325,8.75951
2jac.pdb,2jac.pdb,0.9793072882961625,0.5065034
3goc.pdb,3goc.pdb,0.9592282633121588,1.296653
1avv.pdb,1avv.pdb,0.41030012403441646,10.0183735
3myd.pdb,3myd.pdb,0.9500697388519764,1.4551812
2krx.pdb,2krx.pdb,0.3473867868927286,15.484814
4it7.pdb,4it7.pdb,0.9468062273183796,0.7782845
1ezr.pdb,1ezr.pdb,0.9747199241186288,0.79267186
2rjb.pdb,2rjb.pdb,0.9560622587519818,1.3131433
2xt3.pdb,2xt3.pdb,0.9387375461995024,1.4111612
3oc9.pdb,3oc9.pdb,0.9753795358649103,0.9669797
1sg7.pdb,1sg7.pdb,0.7824934115303971,1.9340729
3f4s.pdb,3f4s.pdb,0.9522141937185524,1.0351967
3r6a.pdb,3r6a.pdb,0.9118833851480129,1.1459041
1rwz.pdb,1rwz.pdb,0.9773517663625835,0.76978475
2r0s.pdb,2r0s.pdb,0.7531632977822649,3.889107
1j4s.pdb,1j4s.pdb,0.9353765607691764,1.0933442
2pjs.pdb,2pjs.pdb,0.8629627037683146,1.4875686
4n30.pdb,4n30.pdb,0.9554048820692819,0.90331125
2cx3.pdb,2cx3.pdb,0.9408163833729345,1.1580495
4ebg.pdb,4ebg.pdb,0.5096857197171003,13.177044
3u97.pdb,3u97.pdb,0.9617152396402557,0.51115453
1x3z.pdb,1x3z.pdb,0.8860564442443684,2.187674
1u97.pdb,1u97.pdb,0.3328596643629627,10.750799
3ckj.pdb,3ckj.pdb,0.9168151265440962,1.8453872
2kaa.pdb,2kaa.pdb,0.4167126330530981,10.939292
1wff.pdb,1wff.pdb,0.4760948799322419,18.791916
3g16.pdb,3g16.pdb,0.8370681912850128,5.235087
2k54.pdb,2k54.pdb,0.8924049179398766,1.3533345
3lh4.pdb,3lh4.pdb,0.9004651338225813,2.1807165
2f86.pdb,2f86.pdb,0.9453861222270115,0.9307805
1ce7.pdb,1ce7.pdb,0.8894032165175649,2.0078342
1wfh.pdb,1wfh.pdb,0.5751921602700995,8.591221
2pos.pdb,2pos.pdb,0.9668019366098293,0.5304899
3h51.pdb,3h51.pdb,0.9070843658784585,2.9505434
1d0d.pdb,1d0d.pdb,0.7739244618803833,1.8477019
1qwz.pdb,1qwz.pdb,0.8856605132307981,5.532732
3zi1.pdb,3zi1.pdb,0.9469952508434406,1.2536986
1lcs.pdb,1lcs.pdb,0.546052866298167,8.190555
3ot2.pdb,3ot2.pdb,0.9910946561339536,0.39697108
3iv4.pdb,3iv4.pdb,0.9670172992026221,0.569122
1huf.pdb,1huf.pdb,0.6498999963690196,6.824592
4lgq.pdb,4lgq.pdb,0.9896315383004006,0.388742
3gwr.pdb,3gwr.pdb,0.9165687823099229,1.2199806
2r01.pdb,2r01.pdb,0.97090005934654,0.7806852
4mzc.pdb,4mzc.pdb,0.9812773779521176,0.44130027
2mc8.pdb,2mc8.pdb,0.9106050401708377,1.1321692
2nrj.pdb,2nrj.pdb,0.9134354245508771,1.8430948
2vkl.pdb,2vkl.pdb,0.6093096833440098,3.580899
3gzr.pdb,3gzr.pdb,0.9400403106103281,1.1807871
3ga2.pdb,3ga2.pdb,0.9623522723769389,1.0705678
3d4e.pdb,3d4e.pdb,0.8786775436757854,1.662846
2pxg.pdb,2pxg.pdb,0.3363549477460949,15.293672
4kt7.pdb,4kt7.pdb,0.9323652717058114,1.3206815
1prz.pdb,1prz.pdb,0.9633014426029386,1.0139673
3duk.pdb,3duk.pdb,0.9011424354252524,1.2673401
2y1s.pdb,2y1s.pdb,0.8450315737179286,1.7276269
3bu2.pdb,3bu2.pdb,0.8493151033029466,5.644745
4ml1.pdb,4ml1.pdb,0.8209398519629426,4.469265
4lx3.pdb,4lx3.pdb,0.9649659667249657,0.6198282
3eby.pdb,3eby.pdb,0.9455350006290374,0.9879608
3ehc.pdb,3ehc.pdb,0.9824715444137656,0.48853925
3fcn.pdb,3fcn.pdb,0.9267297656972593,1.1759062
3kp8.pdb,3kp8.pdb,0.9853407293424259,0.380641
3ktb.pdb,3ktb.pdb,0.9554178306136368,0.70496964
1zma.pdb,1zma.pdb,0.9437941009241352,0.8535065
4nsp.pdb,4nsp.pdb,0.9832714532849839,0.60280603
3fsd.pdb,3fsd.pdb,0.9766163658748191,0.46979937
4x2o.pdb,4x2o.pdb,0.7995216395711293,5.6686964
3mqm.pdb,3mqm.pdb,0.9542879919186348,0.7790667
3c7m.pdb,3c7m.pdb,0.9517203136136959,1.0125008
3sk2.pdb,3sk2.pdb,0.7859839719910922,3.3312378
3en8.pdb,3en8.pdb,0.9154151792941324,1.1842812
4m6r.pdb,4m6r.pdb,0.9670404055840375,0.9383418
2vrz.pdb,2vrz.pdb,0.8410286024707205,1.7081763
1c7h.pdb,1c7h.pdb,0.9565772644357079,0.78428936
1bct.pdb,1bct.pdb,0.49225958573341133,9.528096
2lja.pdb,2lja.pdb,0.780161830010388,3.6098704
3tco.pdb,3tco.pdb,0.9564869971705673,0.71798223
2jmz.pdb,2jmz.pdb,0.8921081454424784,1.7398682
2l5o.pdb,2l5o.pdb,0.8548518263638923,3.604681
1sdi.pdb,1sdi.pdb,0.97186029559788,0.7137924
1vpa.pdb,1vpa.pdb,0.9160125128696746,1.7914495
4w4k.pdb,4w4k.pdb,0.8082883786862929,1.5890836
1s5a.pdb,1s5a.pdb,0.9740162205482873,0.61730236
2lrc.pdb,2lrc.pdb,0.8341643995408027,1.7045043
1s3a.pdb,1s3a.pdb,0.7144020874836741,2.3131094
1d1r.pdb,1d1r.pdb,0.7552429377304283,2.5980613
1ecs.pdb,1ecs.pdb,0.958272843831113,0.66888124
4pav.pdb,4pav.pdb,0.9398872406925524,1.0663772
2ls5.pdb,2ls5.pdb,0.9075468252204776,1.7125163
3e0r.pdb,3e0r.pdb,0.9414077136948658,1.2302039
2lus.pdb,2lus.pdb,0.8485399230138492,1.8618902
1zgr.pdb,1zgr.pdb,0.6380175973522685,15.987633
4ec6.pdb,4ec6.pdb,0.9603448161702859,0.6524204
3c8i.pdb,3c8i.pdb,0.6258345861316559,6.7149944
3g67.pdb,3g67.pdb,0.6554141216541022,4.525633
3raz.pdb,3raz.pdb,0.9554945885384831,0.824791
2jq5.pdb,2jq5.pdb,0.793998258677647,3.8957353
2cvb.pdb,2cvb.pdb,0.9682989327803543,0.6622946
1wjk.pdb,1wjk.pdb,0.7490902934409892,7.8620644
2pb9.pdb,2pb9.pdb,0.9772864386403524,0.63316596
1gwy.pdb,1gwy.pdb,0.9880570533671864,0.446303
2gtv.pdb,2gtv.pdb,0.7774012517697158,2.15007
3t8i.pdb,3t8i.pdb,0.9896311522990184,0.5431095
1x4t.pdb,1x4t.pdb,0.7025687654325273,6.591319
1i6i.pdb,1i6i.pdb,0.9437746588373304,1.2764293
2fy6.pdb,2fy6.pdb,0.9532356940503524,0.8437977
1df4.pdb,1df4.pdb,0.5384408097683936,19.666824
3ngw.pdb,3ngw.pdb,0.9641384749808685,0.82651854
3his.pdb,3his.pdb,0.8225823535563708,4.112725
2gta.pdb,2gta.pdb,0.8566232972656977,1.4674386
3g4n.pdb,3g4n.pdb,0.5280510262881739,12.633981
3nqz.pdb,3nqz.pdb,0.9202122834036166,1.2912204
2a15.pdb,2a15.pdb,0.9412391494373521,0.93189925
4ux7.pdb,4ux7.pdb,0.939439249739257,1.214216
1t6l.pdb,1t6l.pdb,0.917202346712375,1.6576246
4rt5.pdb,4rt5.pdb,0.9573257885141022,0.8951527
1bjx.pdb,1bjx.pdb,0.8090710538090695,4.1578984
3a57.pdb,3a57.pdb,0.5106638890828309,12.033857
3erw.pdb,3erw.pdb,0.9322444693119798,1.038199
3fkf.pdb,3fkf.pdb,0.9815350936312981,0.51359385
3b59.pdb,3b59.pdb,0.9677645472682102,0.9418853
3cnx.pdb,3cnx.pdb,0.9407460502692363,1.0894083
1syr.pdb,1syr.pdb,0.9854483294015857,0.38524866
3zbh.pdb,3zbh.pdb,0.9642129223762568,0.6082195
1f9z.pdb,1f9z.pdb,0.916599942991963,1.2210616
1q98.pdb,1q98.pdb,0.9724353392375169,0.6136966
2z7b.pdb,2z7b.pdb,0.9819960441093676,0.6235837
2k6v.pdb,2k6v.pdb,0.884138603243581,1.7123965
2vsh.pdb,2vsh.pdb,0.9632664577400485,0.905557
3hx8.pdb,3hx8.pdb,0.9665298859934073,0.63462925
3p91.pdb,3p91.pdb,0.9695882217427031,0.86675656
1kvz.pdb,1kvz.pdb,0.8785142370740168,1.4396684
2if1.pdb,2if1.pdb,0.6238327679430106,11.270674
2irp.pdb,2irp.pdb,0.9599716792768822,0.9340447
1zgx.pdb,1zgx.pdb,0.40797045787389924,11.401049
2fpn.pdb,2fpn.pdb,0.41253289844848234,19.66969
2ln7.pdb,2ln7.pdb,0.7547852056543689,3.618658
3rmi.pdb,3rmi.pdb,0.9458908561301496,0.8413868
2xi5.pdb,2xi5.pdb,0.5580925245870251,11.297212
2b5x.pdb,2b5x.pdb,0.9064418390789591,1.3220375
1t2o.pdb,1t2o.pdb,0.816827484439349,3.5255537
2pwj.pdb,2pwj.pdb,0.9293194905799645,1.5336952
2px7.pdb,2px7.pdb,0.9442431072195847,1.1056137
3blz.pdb,3blz.pdb,0.9549987540958925,0.7603174
3cs5.pdb,3cs5.pdb,0.5861999645195616,11.488846
3i5d.pdb,3i5d.pdb,0.8487069821411043,2.7484684
4ayl.pdb,4ayl.pdb,0.9353685689460195,1.224939
2hls.pdb,2hls.pdb,0.9543072143323809,1.5482877
3ewl.pdb,3ewl.pdb,0.9706162968469412,0.6516447
4aeq.pdb,4aeq.pdb,0.3309230125519948,12.0231495
2ltk.pdb,2ltk.pdb,0.92762643877719,0.9611685
1aop.pdb,1aop.pdb,0.9723922185854172,1.0259228
2k6h.pdb,2k6h.pdb,0.8899393161450239,1.9704567
2psb.pdb,2psb.pdb,0.9697528493039844,0.8943638
2l57.pdb,2l57.pdb,0.7726180312646448,3.496841
1xut.pdb,1xut.pdb,0.5030996516012194,3.187879
1r4w.pdb,1r4w.pdb,0.9554957503758164,1.0520961
1v74.pdb,1v74.pdb,0.9159399500862754,2.5230906
3h5k.pdb,3h5k.pdb,0.9660276730769993,0.9133084
5hfi.pdb,5hfi.pdb,0.9556137436730882,0.968469
3m92.pdb,3m92.pdb,0.4352363607601008,9.816963
2rf5.pdb,2rf5.pdb,0.9322755474372328,1.3515757
1urf.pdb,1urf.pdb,0.7657629100451723,2.4167295
2l1s.pdb,2l1s.pdb,0.8101596622024787,1.7915535
2js5.pdb,2js5.pdb,0.644732810964855,4.0663214
1i5j.pdb,1i5j.pdb,0.33844829957957734,7.5231752
2ec4.pdb,2ec4.pdb,0.8421616178102153,2.2536182
3h79.pdb,3h79.pdb,0.9686800144118826,0.6842278
1kwi.pdb,1kwi.pdb,0.8190301820902858,2.187151
4pif.pdb,4pif.pdb,0.9889782130113847,0.38268116
2qgq.pdb,2qgq.pdb,0.9573451459270662,1.1221926
2o35.pdb,2o35.pdb,0.49724596963323725,4.982874
5tgn.pdb,5tgn.pdb,0.9483045084491504,0.8550819
2d42.pdb,2d42.pdb,0.923359349573827,1.6489311
2ppt.pdb,2ppt.pdb,0.9546667413586123,0.98645943
3f14.pdb,3f14.pdb,0.9033873321140307,1.1785342
1v9v.pdb,1v9v.pdb,0.632350974201073,6.57662
2uux.pdb,2uux.pdb,0.8081268644636725,1.582221
3ey7.pdb,3ey7.pdb,0.842513687803511,2.1023097
4orl.pdb,4orl.pdb,0.9659813778562935,0.5592978
3ep6.pdb,3ep6.pdb,0.5563807040431024,5.56792
2fa8.pdb,2fa8.pdb,0.9610192809559975,0.5463512
1u7b.pdb,1u7b.pdb,0.9710276478326754,0.78196144
1buq.pdb,1buq.pdb,0.8198384935481088,2.188391
4lqb.pdb,4lqb.pdb,0.7422601932040732,4.9686446
2poi.pdb,2poi.pdb,0.9762829424901022,0.40951356
1nho.pdb,1nho.pdb,0.6335766886168163,3.504214
3cu3.pdb,3cu3.pdb,0.7786068563574057,5.600678
2bng.pdb,2bng.pdb,0.9716964771192009,0.6498848
2b7u.pdb,2b7u.pdb,0.9654213655746788,0.88528097
1wij.pdb,1wij.pdb,0.6012910906740501,6.623205
4fb9.pdb,4fb9.pdb,0.8728233315536327,3.5937903
3u1w.pdb,3u1w.pdb,0.9422402919834157,1.3060377
4huz.pdb,4huz.pdb,0.9405907919869443,1.6695487
5cbg.pdb,5cbg.pdb,0.6416940678176696,7.7952127
1kw3.pdb,1kw3.pdb,0.9801044206260016,0.74219024
1g7e.pdb,1g7e.pdb,0.7433465051065187,2.795326
2fgx.pdb,2fgx.pdb,0.7628552532765197,2.1723778
4jf8.pdb,4jf8.pdb,0.9273893517675627,1.6311845
1tsj.pdb,1tsj.pdb,0.5788661359996424,9.881927
3bci.pdb,3bci.pdb,0.9521968052368563,1.0293006
4gb5.pdb,4gb5.pdb,0.9754181566693955,0.5795806
3l9v.pdb,3l9v.pdb,0.9644967908106691,0.8114007
1lp8.pdb,1lp8.pdb,0.8516325094068873,3.0226192
1nu3.pdb,1nu3.pdb,0.9040017974445524,2.0005016
2rdc.pdb,2rdc.pdb,0.6827418893885422,5.371335
1v9k.pdb,1v9k.pdb,0.9695759857965363,0.80759233
1gh6.pdb,1gh6.pdb,0.5657212043068935,8.291656
3dxo.pdb,3dxo.pdb,0.9661183755694577,0.62436545
3odh.pdb,3odh.pdb,0.8205526629690465,3.2040787
4r1k.pdb,4r1k.pdb,0.9223631560432337,1.2944735
4tve.pdb,4tve.pdb,0.7812569853297592,3.3616025
3ebt.pdb,3ebt.pdb,0.9645855410064283,0.6928287
1rh5.pdb,1rh5.pdb,0.8464899637993554,5.1313467
2hky.pdb,2hky.pdb,0.47832328147880876,8.080653
5k9a.pdb,5k9a.pdb,0.8471652309158509,6.2016253
2rk9.pdb,2rk9.pdb,0.8501220900829194,2.4419923
1foa.pdb,1foa.pdb,0.9781303014007926,0.7655435
3ffy.pdb,3ffy.pdb,0.9478344548248917,0.81297886
1bed.pdb,1bed.pdb,0.969451419646706,0.78442097
1ift.pdb,1ift.pdb,0.8540039822223032,3.1273859
1d2d.pdb,1d2d.pdb,0.49092725827592915,5.715504
2it9.pdb,2it9.pdb,0.9073340818785053,1.1838807
4o2h.pdb,4o2h.pdb,0.2939134052737291,13.509015
2ciu.pdb,2ciu.pdb,0.8918001142732007,1.6239554
3bqx.pdb,3bqx.pdb,0.9453105547586818,0.8322184
2k0m.pdb,2k0m.pdb,0.8578948650785123,2.476093
4mjd.pdb,4mjd.pdb,0.942183298127026,0.8454851
1ail.pdb,1ail.pdb,0.4708550369701785,4.79613
2rk0.pdb,2rk0.pdb,0.9130379446798049,1.9969245
3fka.pdb,3fka.pdb,0.9683351420387712,0.59710914
1yoe.pdb,1yoe.pdb,0.9767649113621563,0.6977266
5c68.pdb,5c68.pdb,0.9265102449156316,1.0304812
4z04.pdb,4z04.pdb,0.9435379728625033,0.8724521
2k3d.pdb,2k3d.pdb,0.815979134370157,1.7764612
2gmq.pdb,2gmq.pdb,0.42571013133256086,10.435675
1l8d.pdb,1l8d.pdb,0.8414743219045124,1.5787438
2w1j.pdb,2w1j.pdb,0.916373040730378,1.3872037
2hh6.pdb,2hh6.pdb,0.7644358943348104,2.543365
2w35.pdb,2w35.pdb,0.9601843583804112,1.0347296
2d9e.pdb,2d9e.pdb,0.8772032653376867,1.883626
2r4i.pdb,2r4i.pdb,0.9121403968526585,1.5924804
1uw1.pdb,1uw1.pdb,0.8010246486808269,1.6517744
2lt5.pdb,2lt5.pdb,0.26809253227958735,12.838232
1tuh.pdb,1tuh.pdb,0.9735061597077163,0.62102365
2jov.pdb,2jov.pdb,0.23951737742759333,11.824371
1mpy.pdb,1mpy.pdb,0.9486791158724289,1.2560637
1wys.pdb,1wys.pdb,0.4608712666405496,8.429484
1g23.pdb,1g23.pdb,0.8680494102886083,3.3953342
1jsg.pdb,1jsg.pdb,0.3722215523399447,11.362719
2fb5.pdb,2fb5.pdb,0.8978226206768637,1.7818391
1ry6.pdb,1ry6.pdb,0.9601147080492357,1.0357928
3lm4.pdb,3lm4.pdb,0.9626388509807943,1.160515
3fh1.pdb,3fh1.pdb,0.9062728291002577,2.084577
2a4v.pdb,2a4v.pdb,0.9736924927081168,0.5693889
3feu.pdb,3feu.pdb,0.9800718351802075,0.6233497
1m5i.pdb,1m5i.pdb,0.7613717372990028,3.4203064
2jzl.pdb,2jzl.pdb,0.8317627919940453,1.898251
3ic4.pdb,3ic4.pdb,0.8961399399013167,1.361249
1u6l.pdb,1u6l.pdb,0.9497600738683716,0.7774132
3tdg.pdb,3tdg.pdb,0.9444588753937777,1.2605746
3hd5.pdb,3hd5.pdb,0.8730879109860623,5.433548
3cxg.pdb,3cxg.pdb,0.79848940787419,3.7603278
1t4y.pdb,1t4y.pdb,0.8149013189296351,2.4050522
1wfe.pdb,1wfe.pdb,0.4837851771688765,19.38459
2p06.pdb,2p06.pdb,0.8134186611095343,2.3101666
1xy7.pdb,1xy7.pdb,0.8873358585165433,1.5645256
2imd.pdb,2imd.pdb,0.9552984482666093,1.0303955
3f1y.pdb,3f1y.pdb,0.8837336941283664,5.3149924
4fo5.pdb,4fo5.pdb,0.9602493855373124,0.731121
3rga.pdb,3rga.pdb,0.9590042624560019,1.0898496
3e99.pdb,3e99.pdb,0.9081451474841916,1.5548993
1vmg.pdb,1vmg.pdb,0.833505351154049,1.7736629
4za3.pdb,4za3.pdb,0.968285193814985,0.93846637
3f9u.pdb,3f9u.pdb,0.9618146777914056,0.81690764
2rgq.pdb,2rgq.pdb,0.9592454784976343,0.6891545
1am2.pdb,1am2.pdb,0.9106740517064493,2.2678468
3gn3.pdb,3gn3.pdb,0.96108647880697,0.7847213
2r41.pdb,2r41.pdb,0.9870906048395042,0.34696668
5crw.pdb,5crw.pdb,0.940555098531206,1.338509
3ira.pdb,3ira.pdb,0.8461937809997114,3.3402796
1nio.pdb,1nio.pdb,0.8718080226923524,2.6950405
3kp9.pdb,3kp9.pdb,0.5842221491017536,7.1243005
3lyg.pdb,3lyg.pdb,0.8988791524839638,1.2899503
3fcd.pdb,3fcd.pdb,0.8715931625802622,1.6864878
4n6t.pdb,4n6t.pdb,0.9768246229289796,0.38251093
2qet.pdb,2qet.pdb,0.9530511950614503,1.0971524
3ff2.pdb,3ff2.pdb,0.9848179131305982,0.40338483
2jzk.pdb,2jzk.pdb,0.7781839791466633,1.9743526
1mi8.pdb,1mi8.pdb,0.9689856624979902,0.65987545
2a7o.pdb,2a7o.pdb,0.8747283035665165,1.523302
2dat.pdb,2dat.pdb,0.8985098636845007,1.3329979
3grd.pdb,3grd.pdb,0.9511566935139935,1.0504894
2lst.pdb,2lst.pdb,0.8397420040798104,3.8578148
3obh.pdb,3obh.pdb,0.7749500547499965,1.8568692
1eyr.pdb,1eyr.pdb,0.9483586798100818,1.0920035
1a32.pdb,1a32.pdb,0.7497738997288425,7.655444
1hp8.pdb,1hp8.pdb,0.6821342525110897,3.1689968
2ju5.pdb,2ju5.pdb,0.8235532027415995,7.152203
3or5.pdb,3or5.pdb,0.9511591992434861,1.1575972
4pkl.pdb,4pkl.pdb,0.9445289267003071,1.2233065
4amm.pdb,4amm.pdb,0.9701490651047061,1.0031495
1vsg.pdb,1vsg.pdb,0.9155390441437171,1.9388664
4eo3.pdb,4eo3.pdb,0.6864843772238077,6.1973515
2lw1.pdb,2lw1.pdb,0.7509667131915124,3.936414
2r2j.pdb,2r2j.pdb,0.7770292879534966,3.8306148
3hsl.pdb,3hsl.pdb,0.9029408594712479,2.1986704
1ufi.pdb,1ufi.pdb,0.7029292029613369,3.860204
3fef.pdb,3fef.pdb,0.9743934890543476,0.9329097
2yc3.pdb,2yc3.pdb,0.8866971830808539,3.725492
3vjf.pdb,3vjf.pdb,0.6202091169193723,4.4079103
2h7a.pdb,2h7a.pdb,0.35971151972344345,13.5844
2hfq.pdb,2hfq.pdb,0.8101596844784169,2.1527011
3tqd.pdb,3tqd.pdb,0.9516193560094149,1.1247348
1hwm.pdb,1hwm.pdb,0.9673596578958797,0.90678024
1ggp.pdb,1ggp.pdb,0.7927100105371654,3.7814171
2e8b.pdb,2e8b.pdb,0.885651422447065,1.8936223
1ecm.pdb,1ecm.pdb,0.9490294317352539,0.74051094
1sdo.pdb,1sdo.pdb,0.9503443937084279,1.0380687
1zx3.pdb,1zx3.pdb,0.4096560806513734,13.380625
2g2q.pdb,2g2q.pdb,0.36448231980131335,10.695623
2amh.pdb,2amh.pdb,0.9604045389905453,0.9641184
1rl0.pdb,1rl0.pdb,0.8202354105293084,3.2656963
4mix.pdb,4mix.pdb,0.7862336487034626,5.429439
1t3b.pdb,1t3b.pdb,0.8702422395348903,2.0074599
3iwc.pdb,3iwc.pdb,0.5455629045214381,4.667408
3fz5.pdb,3fz5.pdb,0.9511739026333375,1.0603853
1bik.pdb,1bik.pdb,0.9694802464756583,0.59390795
1xg8.pdb,1xg8.pdb,0.8832598074459378,1.4370973
2vga.pdb,2vga.pdb,0.3236514322415098,19.070202
2a2p.pdb,2a2p.pdb,0.7309512050221437,6.1923723
1fgx.pdb,1fgx.pdb,0.9559933823129744,1.4347483
3gha.pdb,3gha.pdb,0.9881648827221077,0.42570496
1jfu.pdb,1jfu.pdb,0.9731471507645757,0.7128567
4qb5.pdb,4qb5.pdb,0.9338766757611268,1.0921204
2gex.pdb,2gex.pdb,0.9227419654021338,1.1524607
4nvs.pdb,4nvs.pdb,0.9474734640785084,0.98080486
2imj.pdb,2imj.pdb,0.8721563809292312,2.117036
3gl3.pdb,3gl3.pdb,0.9851533048047632,0.4679799
2p25.pdb,2p25.pdb,0.8828996911800028,1.6136329
4myb.pdb,4myb.pdb,0.9312509917592027,1.3343238
2j6d.pdb,2j6d.pdb,0.6779995720367515,3.337659
1y66.pdb,1y66.pdb,0.7079713648775271,1.9876786
2fxt.pdb,2fxt.pdb,0.858105246092136,2.2373087
5ig0.pdb,5ig0.pdb,0.9088128259974808,1.283113
2owp.pdb,2owp.pdb,0.9574523320296429,0.7908544
3eyt.pdb,3eyt.pdb,0.9558205402689263,1.1340435
3hcz.pdb,3hcz.pdb,0.9503115371463422,0.8613097
2guk.pdb,2guk.pdb,0.8062847290970817,3.9958837
2opi.pdb,2opi.pdb,0.9857520342820189,0.54889095
3l4n.pdb,3l4n.pdb,0.9934455020941071,0.2907308
2nbs.pdb,2nbs.pdb,0.7270765402952395,4.1678395
1pd3.pdb,1pd3.pdb,0.9394322747964227,0.55729806
1ehs.pdb,1ehs.pdb,0.29293521971718733,7.890406
3l0r.pdb,3l0r.pdb,0.9720579414558088,0.50877005
1yvw.pdb,1yvw.pdb,0.9713968864646683,0.5305493
1twu.pdb,1twu.pdb,0.8854268999381354,1.6672938
3hk4.pdb,3hk4.pdb,0.9635636904297518,0.66922325
2lku.pdb,2lku.pdb,0.8323823661165626,1.9192462
1sen.pdb,1sen.pdb,0.9504747788831089,0.9238512
3ag7.pdb,3ag7.pdb,0.930022394027288,0.93375766
3ejv.pdb,3ejv.pdb,0.8356440032317948,2.212172
3iu5.pdb,3iu5.pdb,0.9585283703214929,0.73115814
1un2.pdb,1un2.pdb,0.40005625317995575,18.220045
3fk8.pdb,3fk8.pdb,0.9799917301371848,0.52002937
2yxh.pdb,2yxh.pdb,0.6824614922201085,3.828044
1ud9.pdb,1ud9.pdb,0.956275022082817,1.851538
1bir.pdb,1bir.pdb,0.9768203881226349,0.462558
1pcf.pdb,1pcf.pdb,0.8605048953526692,1.189718
2c5z.pdb,2c5z.pdb,0.7117349385467219,2.3020592
1qgv.pdb,1qgv.pdb,0.8848219486535859,1.5266294
4hbr.pdb,4hbr.pdb,0.9512125762115095,0.8953621
2ebo.pdb,2ebo.pdb,0.4456088575675384,13.385587
1wru.pdb,1wru.pdb,0.944701551183798,1.3317648
1sqi.pdb,1sqi.pdb,0.9670712408366433,0.9867702
1ss3.pdb,1ss3.pdb,0.6412647591862083,6.940992
5aww.pdb,5aww.pdb,0.9163955582683838,2.147023
1nnv.pdb,1nnv.pdb,0.5321422096654836,6.4490004
3r4q.pdb,3r4q.pdb,0.8027253516667677,4.3972406
3nzn.pdb,3nzn.pdb,0.7954803186776728,8.825707
1ifw.pdb,1ifw.pdb,0.5451423150360917,5.032126
1iur.pdb,1iur.pdb,0.6744598426569526,6.434528
4dsq.pdb,4dsq.pdb,0.9210232443953162,1.4069587
3pnn.pdb,3pnn.pdb,0.9615405999271366,1.0289903
1ybz.pdb,1ybz.pdb,0.5394051164790765,8.535117
4ruv.pdb,4ruv.pdb,0.9685918296296907,0.6099168
2odm.pdb,2odm.pdb,0.5402077276495045,12.142785
2i7k.pdb,2i7k.pdb,0.6070162606885114,16.51322
3hz4.pdb,3hz4.pdb,0.8823674490039833,1.9276787
1rw1.pdb,1rw1.pdb,0.9436081172496023,0.8801176
1g9r.pdb,1g9r.pdb,0.9244310155127045,1.6500957
1beo.pdb,1beo.pdb,0.9722584591621652,0.54546475
1m93.pdb,1m93.pdb,0.6423532762122288,1.7732116
1plq.pdb,1plq.pdb,0.962726736840072,0.9675975
3ffv.pdb,3ffv.pdb,0.9750594374294308,0.64932394
3qcp.pdb,3qcp.pdb,0.5638478189920505,11.798273
3hzp.pdb,3hzp.pdb,0.9551228388104391,0.7812331
2jz4.pdb,2jz4.pdb,0.4643063590147405,15.474655
2lcj.pdb,2lcj.pdb,0.8223271677439069,5.1280665
2nvn.pdb,2nvn.pdb,0.7781353323608018,3.180303
1on4.pdb,1on4.pdb,0.6613127166449998,5.0295634
4y7u.pdb,4y7u.pdb,0.9628776059539534,0.8966254
1xqa.pdb,1xqa.pdb,0.9557248657982454,0.772904
5b1o.pdb,5b1o.pdb,0.7091807836655978,8.288169
4owz.pdb,4owz.pdb,0.9705713646553982,0.6492795
2i5e.pdb,2i5e.pdb,0.9791832921237684,0.662267
3d4t.pdb,3d4t.pdb,0.9705822378821592,0.5232497
2kg7.pdb,2kg7.pdb,0.47495306047376673,12.456869
1eej.pdb,1eej.pdb,0.901802908617429,1.7715592
3ha9.pdb,3ha9.pdb,0.8967934445945362,1.7759892
1ilo.pdb,1ilo.pdb,0.7487821394679743,2.2115705
4kl0.pdb,4kl0.pdb,0.8644999714019849,5.034201
2lqo.pdb,2lqo.pdb,0.7375166618952025,2.1855795
1grx.pdb,1grx.pdb,0.7814782196985491,1.854953
4grf.pdb,4grf.pdb,0.9785373486200503,0.53750896
1cjx.pdb,1cjx.pdb,0.9690884109772647,1.0101863
2pag.pdb,2pag.pdb,0.9310217722458864,0.9856564
5epf.pdb,5epf.pdb,0.9232017581886265,1.21897
3d22.pdb,3d22.pdb,0.9224335993419951,1.43588
3it4.pdb,3it4.pdb,0.9697070262476964,0.70286494
5fgo.pdb,5fgo.pdb,0.8721480610516598,1.1037139
1tp6.pdb,1tp6.pdb,0.9783450492597724,0.5015789
3ggm.pdb,3ggm.pdb,0.8355113082438362,2.1626344
3ecf.pdb,3ecf.pdb,0.9194964961485522,1.1105068
2a4h.pdb,2a4h.pdb,0.5100876478763922,8.339841
1l3a.pdb,1l3a.pdb,0.9395766981685938,1.0612208
3ff0.pdb,3ff0.pdb,0.8901345790778824,2.331083
3ctk.pdb,3ctk.pdb,0.9640290646825328,0.9750868
3dmc.pdb,3dmc.pdb,0.9243067403590803,1.4432553
1r9c.pdb,1r9c.pdb,0.9111232022442376,1.1730494
2i9w.pdb,2i9w.pdb,0.836030995835816,4.606315
3k7c.pdb,3k7c.pdb,0.9706290490746573,0.5813054
3rri.pdb,3rri.pdb,0.8690465749045349,2.0271614
5e3x.pdb,5e3x.pdb,0.9927748165829996,0.60562897
2qsa.pdb,2qsa.pdb,0.7804644869830765,4.008015
2kin.pdb,2kin.pdb,0.9622038842492443,0.9883686
1aaz.pdb,1aaz.pdb,0.9735802513325263,0.4550887
1a8l.pdb,1a8l.pdb,0.9854570183940373,0.501046
3nr7.pdb,3nr7.pdb,0.6294281621784098,3.883854
3hmf.pdb,3hmf.pdb,0.978796204268733,0.48086408
4xxf.pdb,4xxf.pdb,0.9628687255449621,1.0241724
4h61.pdb,4h61.pdb,0.7809866497638838,6.3929896
2ei0.pdb,2ei0.pdb,0.9561616397172229,1.1582615
1vp7.pdb,1vp7.pdb,0.9625455653510048,0.5018029
2zdj.pdb,2zdj.pdb,0.785214581425178,3.540878
2qiy.pdb,2qiy.pdb,0.9235239722817443,1.0787356
1fg5.pdb,1fg5.pdb,0.9727764600817972,0.76963437
2a3q.pdb,2a3q.pdb,0.744140560901144,3.9275026
1gt7.pdb,1gt7.pdb,0.972401218083362,0.84702516
1t07.pdb,1t07.pdb,0.8960268173276436,1.1297574
1jdi.pdb,1jdi.pdb,0.9818356316661194,0.5686445
2hng.pdb,2hng.pdb,0.8782348769165594,1.9976588
1x5e.pdb,1x5e.pdb,0.8282889669001683,2.1462893
4ccv.pdb,4ccv.pdb,0.8631065198822019,2.6240304
2z0l.pdb,2z0l.pdb,0.8433768909797005,4.021176
3rmu.pdb,3rmu.pdb,0.9376576635269077,0.9720755
2ys8.pdb,2ys8.pdb,0.7871632404454744,6.4061975
2p6w.pdb,2p6w.pdb,0.9466057385110603,1.0062568
3vfi.pdb,3vfi.pdb,0.9822960819153366,0.42890936
1xbs.pdb,1xbs.pdb,0.9671204170709751,0.65085244
3mix.pdb,3mix.pdb,0.8654012060800695,3.321151
1e2y.pdb,1e2y.pdb,0.9490270615028856,0.92010665
3f7x.pdb,3f7x.pdb,0.956761756021179,0.74939156
2w1k.pdb,2w1k.pdb,0.9727480148220045,0.70360726
2k8s.pdb,2k8s.pdb,0.8556299366831039,1.3204235
1skv.pdb,1skv.pdb,0.5285294375624441,8.124018
2gs3.pdb,2gs3.pdb,0.949513946740052,1.2503636
3g8z.pdb,3g8z.pdb,0.9742600522292773,0.58863205
3f8x.pdb,3f8x.pdb,0.9701759992867435,0.622547
2j0a.pdb,2j0a.pdb,0.9378369952121456,1.2831724
1kng.pdb,1kng.pdb,0.9855439301429977,0.48084408
2lyx.pdb,2lyx.pdb,0.718269068320244,3.6330676
2m72.pdb,2m72.pdb,0.7593660755309365,2.9694488
3b09.pdb,3b09.pdb,0.467867692790299,9.45542
1bh5.pdb,1bh5.pdb,0.8880248083516201,1.7167085
2cc3.pdb,2cc3.pdb,0.9575321443712621,0.7809484
2myg.pdb,2myg.pdb,0.8986964259618269,1.4736023
1f1u.pdb,1f1u.pdb,0.9696197351742928,0.9003408
3fkm.pdb,3fkm.pdb,0.9118240499730879,1.234242
1k4n.pdb,1k4n.pdb,0.9485522968536663,1.1528041
1urm.pdb,1urm.pdb,0.9712675482799187,0.6106833
1bry.pdb,1bry.pdb,0.9927130990921564,0.42506012
4dm5.pdb,4dm5.pdb,0.9530983817231847,0.647192
4d70.pdb,4d70.pdb,0.9551514471065804,0.8849265
3siq.pdb,3siq.pdb,0.8709300940104449,3.45477
2k7v.pdb,2k7v.pdb,0.38293997476525654,24.726732
1aqz.pdb,1aqz.pdb,0.9046511992028596,1.3524197
4cvh.pdb,4cvh.pdb,0.8585212010532228,3.1519685
1t1v.pdb,1t1v.pdb,0.9576209628339286,0.7356159
2ljk.pdb,2ljk.pdb,0.6463471682791211,11.872141
4tr3.pdb,4tr3.pdb,0.8917588978421594,3.1841805
1qu7.pdb,1qu7.pdb,0.30551159389995863,44.7923
1yua.pdb,1yua.pdb,0.4857867251329885,8.592272
1z52.pdb,1z52.pdb,0.5598214162297871,14.850698
1o22.pdb,1o22.pdb,0.5607651105068917,6.7600975
3aei.pdb,3aei.pdb,0.8872132573526395,1.1528252
1vra.pdb,1vra.pdb,0.9564116571972567,0.909241
1ojh.pdb,1ojh.pdb,0.7489856965569903,1.7527275
1eqf.pdb,1eqf.pdb,0.8529565578968754,3.770061
3kzt.pdb,3kzt.pdb,0.8567664572467156,1.7208519
3kzq.pdb,3kzq.pdb,0.9793290047190749,0.6891706
2dkw.pdb,2dkw.pdb,0.8687663201534365,1.7993602
2dj0.pdb,2dj0.pdb,0.8105328394479223,2.7122726
1ge8.pdb,1ge8.pdb,0.5025899461554845,14.01888
1e5k.pdb,1e5k.pdb,0.9452994268648162,1.0616269
1v58.pdb,1v58.pdb,0.7904832409835664,3.488112
2oe3.pdb,2oe3.pdb,0.9499935713953064,0.7132904
3e5d.pdb,3e5d.pdb,0.9350087368912599,0.94376343
1b4q.pdb,1b4q.pdb,0.9491089032642196,0.79094493
3gyk.pdb,3gyk.pdb,0.9807784387457175,0.6047445
1ex2.pdb,1ex2.pdb,0.9598635920268318,0.89146
1v9w.pdb,1v9w.pdb,0.8392648048527145,2.4093308
1uc2.pdb,1uc2.pdb,0.9854852477224144,0.7581028
4h3u.pdb,4h3u.pdb,0.9811007801093368,0.49601293
3l20.pdb,3l20.pdb,0.8934760627318575,1.5263046
3nwn.pdb,3nwn.pdb,0.9381630024182844,1.3075447
5c00.pdb,5c00.pdb,0.9327711937480766,1.5022562
2js3.pdb,2js3.pdb,0.2348236036785345,17.200752
2zr1.pdb,2zr1.pdb,0.9640594494171025,1.0583736
2km7.pdb,2km7.pdb,0.48617467164453954,12.543366
1lu4.pdb,1lu4.pdb,0.9799705385110934,0.4936696
3kcm.pdb,3kcm.pdb,0.9687670240945236,0.69180405
4o3v.pdb,4o3v.pdb,0.9131685571404863,1.8163551
4nxi.pdb,4nxi.pdb,0.9031240118307348,1.7610056
2qqz.pdb,2qqz.pdb,0.8984701796008381,1.4062403
2l5l.pdb,2l5l.pdb,0.7855995476060657,2.9174643
3eur.pdb,3eur.pdb,0.9703218241261693,0.6515885
1nki.pdb,1nki.pdb,0.9435716898649623,0.92076087
4jox.pdb,4jox.pdb,0.9605532480820533,0.7024934
1b1e.pdb,1b1e.pdb,0.9493742028706076,0.84543663
1wpb.pdb,1wpb.pdb,0.28206426142434315,16.291859
1kbh.pdb,1kbh.pdb,0.4120742363679204,6.5477767
4i6x.pdb,4i6x.pdb,0.9436529338401906,0.8687308
3rob.pdb,3rob.pdb,0.9688162416091354,0.6668861
3flj.pdb,3flj.pdb,0.9542255956415471,0.80813545
3g0k.pdb,3g0k.pdb,0.9389217719182181,0.9067748
2jv7.pdb,2jv7.pdb,0.4310335166551065,5.716245
1r4q.pdb,1r4q.pdb,0.7205922685361317,7.3881383
2lp7.pdb,2lp7.pdb,0.3856997742240152,11.092569
3vb0.pdb,3vb0.pdb,0.9620110967964712,0.9495974
1qbz.pdb,1qbz.pdb,0.5244326610856839,41.326084
2kcd.pdb,2kcd.pdb,0.5933148159338232,5.4864116
1qkl.pdb,1qkl.pdb,0.2336366883556153,16.143135
1cfr.pdb,1cfr.pdb,0.9678748156424567,0.93538374
5h9c.pdb,5h9c.pdb,0.832287071866071,1.55732
2ksd.pdb,2ksd.pdb,0.34264067192104725,8.065882
3lho.pdb,3lho.pdb,0.9599841412591785,1.0447037
5ddt.pdb,5ddt.pdb,0.9241873901601045,1.5649697
1wjz.pdb,1wjz.pdb,0.7625369575105204,3.7526684
1fo8.pdb,1fo8.pdb,0.9850433786422459,0.6441119
3kkg.pdb,3kkg.pdb,0.9494032568945633,0.84777135
1u96.pdb,1u96.pdb,0.35090987207225754,10.481501